[
    {
        "address": "228 Vandervoort Avenue, Valmy, New Jersey, 4440",
        "active": true,
        "phone": "+1 (933) 526-2295",
        "email": "undefined.undefined@buzzworks.ca",
        "company": "BUZZWORKS",
        "name": "Katherine Kennedy",
        "eyeColor": "brown",
        "age": 22,
        "id": 709
    },
    {
        "address": "157 Crawford Avenue, Vernon, Virgin Islands, 8555",
        "active": true,
        "phone": "+1 (905) 406-2385",
        "email": "undefined.undefined@jamnation.org",
        "company": "JAMNATION",
        "name": "Eugenia Ward",
        "eyeColor": "brown",
        "age": 37,
        "id": 182
    },
    {
        "address": "874 Elizabeth Place, Craig, New Mexico, 6187",
        "active": true,
        "phone": "+1 (812) 521-3909",
        "email": "undefined.undefined@grainspot.biz",
        "company": "GRAINSPOT",
        "name": "Myers Love",
        "eyeColor": "green",
        "age": 21,
        "id": 790
    },
    {
        "address": "307 Hoyt Street, Glidden, Vermont, 6260",
        "active": true,
        "phone": "+1 (876) 593-2605",
        "email": "undefined.undefined@applica.me",
        "company": "APPLICA",
        "name": "Ida Decker",
        "eyeColor": "brown",
        "age": 40,
        "id": 336
    },
    {
        "address": "139 Dooley Street, Darbydale, Texas, 9146",
        "active": true,
        "phone": "+1 (986) 407-3771",
        "email": "undefined.undefined@concility.us",
        "company": "CONCILITY",
        "name": "Castaneda Rice",
        "eyeColor": "brown",
        "age": 32,
        "id": 213
    }
]